name,email,password
John Smith,john.smith@example.com,pass123
Jane Doe,jane.doe@example.com,abc456
Bob Johnson,bob.johnson@example.com,def789
Alice Williams,alice.williams@example.com,xyz123
David Brown,david.brown@example.com,pass456
Sarah Lee,sarah.lee@example.com,pass789
Michael Davis,michael.davis@example.com,abc123
Emily Wilson,emily.wilson@example.com,def456
Tom Green,tom.green@example.com,xyz456
Lena Kim,lena.kim@example.com,pass111
Mark Taylor,mark.taylor@example.com,abc789
Olivia Lee,olivia.lee@example.com,def123
Adam Carter,adam.carter@example.com,xyz789
Grace Chen,grace.chen@example.com,pass234
Ethan Lee,ethan.lee@example.com,abc234